batch,heads,seq_len,head_dim,dtype,causal,variant,ms,tflops,speedup_vs_sdpa,status
1,4,256,64,fp16,no,sdpa,0.1369,0.49,1.0,ok
1,4,256,64,fp16,no,naive,0.4637,0.14,0.3,ok
1,4,256,64,fp16,no,flash,0.2753,0.24,0.5,ok
2,8,512,64,fp16,no,sdpa,0.1382,7.77,1.0,ok
2,8,512,64,fp16,no,naive,0.474,2.27,0.29,ok
2,8,512,64,fp16,no,flash,0.277,3.88,0.5,ok
2,8,1024,64,fp16,no,sdpa,0.1588,27.04,1.0,ok
2,8,1024,64,fp16,no,naive,0.4849,8.86,0.33,ok
2,8,1024,64,fp16,no,flash,0.3079,13.95,0.52,ok
2,8,2048,64,fp16,no,sdpa,0.3389,50.69,1.0,ok
2,8,2048,64,fp16,no,naive,2.221,7.74,0.15,ok
2,8,2048,64,fp16,no,flash,0.5306,32.38,0.64,ok
1,8,4096,64,fp16,no,sdpa,0.6022,57.06,1.0,ok
1,8,4096,64,fp16,no,naive,4.2256,8.13,0.14,ok
1,8,4096,64,fp16,no,flash,0.8684,39.57,0.69,ok
1,4,256,64,fp16,yes,sdpa,0.1423,0.24,1.0,ok
1,4,256,64,fp16,yes,naive,0.6994,0.05,0.2,ok
1,4,256,64,fp16,yes,flash,0.272,0.12,0.52,ok
2,8,512,64,fp16,yes,sdpa,0.1378,3.9,1.0,ok
2,8,512,64,fp16,yes,naive,0.7024,0.76,0.2,ok
2,8,512,64,fp16,yes,flash,0.2754,1.95,0.5,ok
2,8,1024,64,fp16,yes,sdpa,0.1408,15.26,1.0,ok
2,8,1024,64,fp16,yes,naive,0.7425,2.89,0.19,ok
2,8,1024,64,fp16,yes,flash,0.2729,7.87,0.52,ok
2,8,2048,64,fp16,yes,sdpa,0.2422,35.47,1.0,ok
2,8,2048,64,fp16,yes,naive,3.5666,2.41,0.07,ok
2,8,2048,64,fp16,yes,flash,0.4043,21.25,0.6,ok
1,8,4096,64,fp16,yes,sdpa,0.4076,42.15,1.0,ok
1,8,4096,64,fp16,yes,naive,7.0415,2.44,0.06,ok
1,8,4096,64,fp16,yes,flash,0.5897,29.13,0.69,ok
1,4,256,64,bf16,no,sdpa,0.1425,0.47,1.0,ok
1,4,256,64,bf16,no,naive,0.4628,0.14,0.31,ok
1,4,256,64,bf16,no,flash,0.2791,0.24,0.51,ok
2,8,512,64,bf16,no,sdpa,0.1372,7.82,1.0,ok
2,8,512,64,bf16,no,naive,0.4669,2.3,0.29,ok
2,8,512,64,bf16,no,flash,0.2755,3.9,0.5,ok
2,8,1024,64,bf16,no,sdpa,0.1551,27.69,1.0,ok
2,8,1024,64,bf16,no,naive,0.4857,8.84,0.32,ok
2,8,1024,64,bf16,no,flash,0.3063,14.02,0.51,ok
2,8,2048,64,bf16,no,sdpa,0.339,50.67,1.0,ok
2,8,2048,64,bf16,no,naive,2.2635,7.59,0.15,ok
2,8,2048,64,bf16,no,flash,0.5356,32.08,0.63,ok
1,8,4096,64,bf16,no,sdpa,0.6021,57.07,1.0,ok
1,8,4096,64,bf16,no,naive,4.2792,8.03,0.14,ok
1,8,4096,64,bf16,no,flash,0.8612,39.9,0.7,ok
1,4,256,64,bf16,yes,sdpa,0.1413,0.24,1.0,ok
1,4,256,64,bf16,yes,naive,0.7035,0.05,0.2,ok
1,4,256,64,bf16,yes,flash,0.2818,0.12,0.5,ok
2,8,512,64,bf16,yes,sdpa,0.1372,3.91,1.0,ok
2,8,512,64,bf16,yes,naive,0.701,0.77,0.2,ok
2,8,512,64,bf16,yes,flash,0.2817,1.91,0.49,ok
2,8,1024,64,bf16,yes,sdpa,0.1413,15.2,1.0,ok
2,8,1024,64,bf16,yes,naive,0.7414,2.9,0.19,ok
2,8,1024,64,bf16,yes,flash,0.2836,7.57,0.5,ok
2,8,2048,64,bf16,yes,sdpa,0.2456,34.98,1.0,ok
2,8,2048,64,bf16,yes,naive,3.5752,2.4,0.07,ok
2,8,2048,64,bf16,yes,flash,0.4033,21.3,0.61,ok
1,8,4096,64,bf16,yes,sdpa,0.4064,42.28,1.0,ok
1,8,4096,64,bf16,yes,naive,7.0927,2.42,0.06,ok
1,8,4096,64,bf16,yes,flash,0.5868,29.28,0.69,ok
1,4,256,64,fp32,no,sdpa,0.1709,0.39,1.0,ok
1,4,256,64,fp32,no,naive,0.4531,0.15,0.38,ok
1,4,256,64,fp32,no,flash,0.277,0.24,0.62,ok
2,8,512,64,fp32,no,sdpa,0.256,4.19,1.0,ok
2,8,512,64,fp32,no,naive,0.4568,2.35,0.56,ok
2,8,512,64,fp32,no,flash,0.4302,2.5,0.6,ok
2,8,1024,64,fp32,no,sdpa,0.5878,7.31,1.0,ok
2,8,1024,64,fp32,no,naive,1.1869,3.62,0.5,ok
2,8,1024,64,fp32,no,flash,0.9667,4.44,0.61,ok
2,8,2048,64,fp32,no,sdpa,1.8749,9.16,1.0,ok
2,8,2048,64,fp32,no,naive,4.4385,3.87,0.42,ok
2,8,2048,64,fp32,no,flash,3.1314,5.49,0.6,ok
1,8,4096,64,fp32,no,sdpa,3.6506,9.41,1.0,ok
1,8,4096,64,fp32,no,naive,8.3149,4.13,0.44,ok
1,8,4096,64,fp32,no,flash,5.7262,6.0,0.64,ok
1,4,256,64,fp32,yes,sdpa,0.1733,0.19,1.0,ok
1,4,256,64,fp32,yes,naive,0.687,0.05,0.25,ok
1,4,256,64,fp32,yes,flash,0.2796,0.12,0.62,ok
2,8,512,64,fp32,yes,sdpa,0.2075,2.59,1.0,ok
2,8,512,64,fp32,yes,naive,0.6911,0.78,0.3,ok
2,8,512,64,fp32,yes,flash,0.341,1.57,0.61,ok
2,8,1024,64,fp32,yes,sdpa,0.4105,5.23,1.0,ok
2,8,1024,64,fp32,yes,naive,1.8625,1.15,0.22,ok
2,8,1024,64,fp32,yes,flash,0.6221,3.45,0.66,ok
2,8,2048,64,fp32,yes,sdpa,1.1247,7.64,1.0,ok
2,8,2048,64,fp32,yes,naive,6.9852,1.23,0.16,ok
2,8,2048,64,fp32,yes,flash,1.8186,4.72,0.62,ok
1,8,4096,64,fp32,yes,sdpa,2.218,7.75,1.0,ok
1,8,4096,64,fp32,yes,naive,13.7426,1.25,0.16,ok
1,8,4096,64,fp32,yes,flash,3.3208,5.17,0.67,ok
